justinmeyer@outlook.com,
tamaraharris@outlook.com,
vtate@outlook.com,
stephanierodriguez@outlook.com,
adamramirez@gmail.com,
lori07@supersqa.com,
juanmcintyre@msn.com,
ctaylor@gmail.com,
nwilson@outlook.com,
rothraymond@gmail.com,
jamesmartinez@yahoo.com,
walter35@supersqa.com,
nancyroberts@gmail.com,
emma20@gmail.com,
lauraobrien@outlook.com,
kara96@msn.com,
icarson@gmail.com,
andrewsingleton@gmail.com,
joshua79@supersqa.com,
katherinesmith@gmail.com,
jwarren@msn.com,
lmyers@yahoo.com,
garciachad@msn.com,
taylorhernandez@msn.com,
latoya74@yahoo.com,
ronald91@yahoo.com,
audrey99@yahoo.com,
tkennedy@msn.com,
clopez@msn.com,
dortega@outlook.com,
dillonhannah@msn.com,
kimkelly@yahoo.com,
ryanjessica@msn.com,
kathrynturner@msn.com,
andersonjeffrey@gmail.com,
xcochran@gmail.com,
kimberlypowers@supersqa.com,
lvasquez@outlook.com,
dennisdouglas@outlook.com,
michaelpeterson@outlook.com,
emartin@yahoo.com,
gardnersamuel@gmail.com,
smithmia@msn.com,
hardingjason@outlook.com,
navarroanthony@msn.com,
kyle33@gmail.com,
jeremy94@gmail.com,
mclaughlinjason@msn.com,
garciaterri@yahoo.com,
tiffany65@gmail.com,
carlsondanielle@gmail.com,
zwalters@msn.com,
lopezjoseph@gmail.com,
nicoleanderson@msn.com,
brandon44@gmail.com,
jamesanderson@supersqa.com,
dguerra@msn.com,
margaretmercer@supersqa.com,
qthomas@yahoo.com,
charles08@gmail.com,
rholland@supersqa.com,
dfletcher@gmail.com,
wjohnson@outlook.com,
kathryn88@outlook.com,
newmanedward@supersqa.com,
rodgersjoseph@supersqa.com,
oshepard@msn.com,
wtaylor@yahoo.com,
traviswilson@outlook.com,
schroederjoshua@supersqa.com,
justinyang@outlook.com,
kelly47@msn.com,
agardner@outlook.com,
juan76@gmail.com,
jacobsonjennifer@gmail.com,
howardkatie@msn.com,
shannonmichael@outlook.com,
john83@yahoo.com,
yujay@yahoo.com,
sherri88@gmail.com,
pagevictoria@msn.com,
michaelmedina@yahoo.com,
qdean@gmail.com,
amy61@msn.com,
jonathan03@gmail.com,
ashley67@supersqa.com,
markward@supersqa.com,
gabriellemcdonald@msn.com,
bryanthomas@msn.com,
ynoble@msn.com,
jeremy64@msn.com,
matthew35@msn.com,
johnsonwilliam@msn.com,
kevincraig@supersqa.com,
steven59@supersqa.com,
carterrobert@supersqa.com,
douglasdillon@yahoo.com,
jmorales@supersqa.com,
rcoleman@outlook.com,
ashleylauren@supersqa.com,
